{
    "model_name": "cnn_bilstm_word_standard_24052026_01",
    "accuracy": 0.9710144927536232,
    "macro_precision": 0.9720833333333333,
    "macro_recall": 0.9714285714285715,
    "macro_f1": 0.9700931150586323,
    "weighted_precision": 0.9740942028985506,
    "weighted_recall": 0.9710144927536232,
    "weighted_f1": 0.9709772050001935,
    "top3_accuracy": 0.9855072463768116,
    "avg_confidence": 0.9452778100967407,
    "min_confidence": 0.26737016439437866,
    "max_confidence": 0.9839678406715393,
    "num_test_samples": 276,
    "num_wrong": 8
}